{
    "rmse": 9614.71429032812,
    "mae": 7545.9117649170785,
    "r2": 0.40455081341815513
}